{"cameraMode":{"drawMode":0,"name":"Shaded","section":"Shading Mode"},"sceneLighting":false,"audioPlay":false,"sceneViewState":{"m_AlwaysRefresh":false,"showFog":true,"showSkybox":false,"showFlares":true,"showImageEffects":true,"showParticleSystems":true,"showVisualEffectGraphs":true,"m_FxEnabled":true},"in2DMode":false,"pivot":{"x":55.123512268066409,"y":0.0014281868934631348,"z":-1.4638105630874634},"rotation":{"x":0.3784109354019165,"y":0.14608310163021089,"z":-0.06122083216905594,"w":0.9122083187103272},"size":0.8809056282043457,"orthographic":false}