{"cameraMode":{"drawMode":0,"name":"Shaded","section":"Shading Mode"},"sceneLighting":false,"audioPlay":false,"sceneViewState":{"m_AlwaysRefresh":false,"showFog":true,"showSkybox":false,"showFlares":true,"showImageEffects":true,"showParticleSystems":true,"showVisualEffectGraphs":true,"m_FxEnabled":true},"in2DMode":false,"pivot":{"x":-1.8307803869247437,"y":1.5694665908813477,"z":0.009185218252241612},"rotation":{"x":-0.010290381498634816,"y":0.30865761637687685,"z":-0.003316147020086646,"w":-0.9511986970901489},"size":2.156531572341919,"orthographic":false}